<?xml version="1.0" encoding="UTF-8"?>
<project-private xmlns="http://www.netbeans.org/ns/project-private/1">
    <editor-bookmarks xmlns="http://www.netbeans.org/ns/editor-bookmarks/2" lastBookmarkId="0"/>
    <open-files xmlns="http://www.netbeans.org/ns/projectui-open-files/2">
        <group>
            <file>file:/Users/catalina/Downloads/Grafos/src/Interfaces/SaveUser2.java</file>
            <file>file:/Users/catalina/Downloads/Grafos/src/grafos/Functions.java</file>
            <file>file:/Users/catalina/Downloads/Grafos/src/Interfaces/EliminateUser.java</file>
            <file>file:/Users/catalina/Downloads/Grafos/src/Interfaces/AddUser.java</file>
            <file>file:/Users/catalina/Downloads/Grafos/src/Interfaces/SelectFile.java</file>
            <file>file:/Users/catalina/Downloads/Grafos/src/Interfaces/MainInterface.java</file>
            <file>file:/Users/catalina/Downloads/Grafos/src/Interfaces/ModifyGraph.java</file>
            <file>file:/Users/catalina/Downloads/Grafos/src/Interfaces/UpdateRepo.java</file>
            <file>file:/Users/catalina/Downloads/Grafos/src/Interfaces/ShowGrafo.java</file>
        </group>
    </open-files>
</project-private>
